,months,weekdays
Hyōgo-ken,"[ 0.93226421  0.94697842  1.0050263   0.98076692  0.97885506  0.95016447
  1.0290398   1.02134119  0.9850169   1.03446103  0.97888032  1.15720538]","[ 0.80724467  0.81860445  0.87439182  0.85440929  1.0972603   1.33552736
  1.21256212]"
Tōkyō-to,"[ 0.95291879  0.98574079  1.03564364  1.08732447  1.05399163  1.01908537
  1.01759227  0.91071204  0.9459821   0.97895861  0.94328238  1.06876791]","[ 0.82335495  0.88080754  0.95156369  0.93868109  1.10280985  1.18130249
  1.1214804 ]"
Fukuoka-ken,"[ 0.93642793  0.95826865  1.05029614  1.06289972  1.04958649  1.0116496
  1.01194096  0.98350148  0.95955723  0.93488071  0.93765594  1.10333515]","[ 0.86223512  0.83913206  0.9155917   0.88978147  1.09290554  1.30494985
  1.09540426]"
Ōsaka-fu,"[ 0.90594611  0.9696209   1.05931602  1.09945911  1.11206681  1.06171333
  0.98304579  0.9470846   0.93135619  0.95316858  0.92225399  1.05496856]","[ 0.84491208  0.82794522  0.86134453  0.89917548  1.05976948  1.28304065
  1.22381256]"
Hiroshima-ken,"[ 1.00125531  0.9646926   1.08694372  1.14402768  1.0260186   1.04581105
  0.99714076  0.90110327  0.88163167  0.90335903  0.91586906  1.13214726]","[ 0.82970648  0.82820798  0.92821555  0.87742134  1.16287593  1.35497204
  1.01860069]"
Shizuoka-ken,"[ 0.99643039  1.01607075  1.10875901  1.10636885  1.10547762  0.96564997
  0.96879395  0.93186964  0.88747438  0.86413135  0.92197522  1.12699888]","[ 0.71187297  0.78632424  0.82345503  0.82105788  1.0101171   1.50444899
  1.34272381]"
Hokkaidō,"[ 1.03348595  0.98429126  1.0680209   0.92885712  0.89827239  0.94406877
  1.00518352  0.95685301  0.96631024  0.96385103  0.92994436  1.32086145]","[ 0.76909199  0.73554944  0.82323415  0.81630926  1.15128545  1.49142979
  1.21309992]"
Miyagi-ken,"[ 0.93539461  0.91278085  1.05788885  1.07557303  1.05141438  1.12410616
  1.02601411  0.93173496  0.91401715  0.89740376  0.91283882  1.16083332]","[ 0.81822735  0.84723124  1.02594756  0.91755095  1.2994258   1.28241204
  0.80920507]"
Niigata-ken,"[ 0.94010225  0.98831978  0.96383072  0.83878337  0.8575857   0.81125678
  1.06919399  1.09538771  1.03216594  1.10932848  1.01546555  1.27857975]","[ 0.75390229  0.77272177  0.85373013  0.83394889  1.17552961  1.47907147
  1.13109584]"
